primary_category,y_min,y_max,c_start,c_end,pct_change
astro-ph,2007,2025,19420,8,-99.96
cond-mat,2007,2025,2283,4,-99.82
chao-dyn,2007,2024,246,1,-99.59
q-alg,2007,2024,83,1,-98.80
dg-ga,2007,2025,62,1,-98.39
cmp-lg,2007,2022,105,2,-98.10
solv-int,2007,2024,189,4,-97.88
cs.NA,2007,2024,40,1,-97.50
adap-org,2007,2023,63,2,-96.83
patt-sol,2007,2025,45,2,-95.56
alg-geom,2007,2025,90,5,-94.44
acc-phys,2008,2019,27,2,-92.59
q-fin.EC,2014,2025,26,2,-92.31
chem-ph,2008,2019,35,3,-91.43
cs.GL,2007,2025,21,2,-90.48
supr-con,2008,2022,9,1,-88.89
bayes-an,2008,2016,9,1,-88.89
atom-ph,2008,2017,16,2,-87.50
cond-mat.other,2007,2025,1079,138,-87.21
ao-sci,2008,2018,7,1,-85.71
